from,to,weight
0,1,0.6037
0,9,0.481
0,11,0.5134
0,12,0.5046
0,13,0.542
0,14,0.4801
0,19,0.4669
0,20,0.4555
0,28,0.4834
0,32,0.4551
0,35,0.497
0,38,0.4703
0,39,0.4923
0,41,0.4767
0,42,0.4649
0,44,0.4846
0,45,0.5456
0,47,0.505
0,50,0.4995
0,64,0.5271
0,68,0.4627
0,73,0.4883
0,75,0.5739
0,79,0.4636
0,81,0.4503
0,82,0.4827
0,84,0.4755
0,85,0.5029
0,93,0.513
0,96,0.4755
0,99,0.4642
1,2,0.4607
1,3,0.5306
1,4,0.5099
1,5,0.5313
1,6,0.6032
1,7,0.5252
1,8,0.6852
1,9,0.7512
1,10,0.4938
1,11,0.564
1,12,0.6426
1,13,0.5919
1,14,0.6453
1,15,0.5081
1,16,0.4559
1,17,0.599
1,18,0.5303
1,19,0.5207
1,20,0.6224
1,21,0.4782
1,24,0.4992
1,25,0.506
1,26,0.5454
1,27,0.6474
1,28,0.464
1,29,0.4602
1,30,0.5675
1,31,0.4949
1,32,0.457
1,33,0.5641
1,34,0.534
1,35,0.5644
1,36,0.4869
1,37,0.5268
1,38,0.5312
1,39,0.6535
1,42,0.7193
1,43,0.52
1,44,0.5505
1,45,0.491
1,46,0.6913
1,48,0.5821
1,49,0.5162
1,50,0.6635
1,51,0.4982
1,52,0.5279
1,56,0.5167
1,57,0.5111
1,58,0.5051
1,59,0.5365
1,60,0.5824
1,61,0.5981
1,62,0.4517
1,64,0.5266
1,65,0.5837
1,66,0.5975
1,68,0.5254
1,69,0.5067
1,70,0.6262
1,71,0.5829
1,72,0.5826
1,73,0.654
1,74,0.5806
1,76,0.4605
1,77,0.5952
1,78,0.4822
1,79,0.4727
1,85,0.4826
1,87,0.4543
1,89,0.6852
1,91,0.4869
1,92,0.4502
1,93,0.6395
1,94,0.4947
1,96,0.715
1,97,0.4605
1,99,0.6507
1,100,0.6142
1,101,0.4776
2,3,0.5637
2,7,0.452
2,8,0.4599
2,9,0.5747
2,13,0.4662
2,14,0.5339
2,15,0.4942
2,16,0.5109
2,17,0.5053
2,19,0.5471
2,20,0.5091
2,21,0.5389
2,22,0.606
2,24,0.6248
2,25,0.5722
2,26,0.4687
2,27,0.5913
2,29,0.5492
2,30,0.4633
2,33,0.5792
2,34,0.5086
2,35,0.4588
2,36,0.4515
2,37,0.4874
2,38,0.5179
2,39,0.4921
2,42,0.4874
2,43,0.4772
2,48,0.5936
2,49,0.4908
2,51,0.5912
2,58,0.4706
2,59,0.5259
2,60,0.6279
2,61,0.4622
2,65,0.461
2,66,0.4556
2,67,0.5999
2,69,0.5269
2,71,0.5082
2,72,0.4659
2,73,0.5232
2,75,0.5929
2,77,0.4689
2,85,0.472
2,87,0.4607
2,88,0.4506
2,89,0.4869
2,91,0.5994
2,94,0.4769
2,96,0.5538
2,99,0.5236
2,100,0.4742
3,4,0.5025
3,6,0.5858
3,7,0.5468
3,8,0.6453
3,9,0.5812
3,10,0.4642
3,11,0.4882
3,13,0.5531
3,14,0.6542
3,15,0.5251
3,16,0.5148
3,17,0.5955
3,18,0.5492
3,19,0.7622
3,20,0.6844
3,21,0.6338
3,22,0.5242
3,23,0.5327
3,24,0.5213
3,25,0.5362
3,26,0.7156
3,27,0.5877
3,28,0.682
3,29,0.5139
3,30,0.5327
3,31,0.4723
3,33,0.616
3,34,0.5239
3,35,0.5911
3,36,0.6425
3,37,0.5374
3,38,0.4587
3,39,0.5795
3,40,0.4583
3,41,0.5773
3,42,0.5466
3,43,0.5732
3,46,0.6046
3,47,0.479
3,48,0.5634
3,50,0.4833
3,51,0.5632
3,52,0.5263
3,55,0.4792
3,56,0.5842
3,58,0.472
3,59,0.5345
3,60,0.5555
3,61,0.5001
3,62,0.5132
3,64,0.4699
3,65,0.5193
3,66,0.5092
3,67,0.5801
3,68,0.5069
3,69,0.506
3,70,0.5322
3,71,0.5174
3,72,0.4996
3,73,0.5227
3,74,0.5084
3,75,0.6022
3,76,0.4704
3,77,0.4631
3,78,0.4965
3,80,0.4786
3,81,0.5158
3,82,0.4583
3,83,0.5215
3,84,0.6021
3,87,0.4664
3,88,0.5455
3,89,0.6379
3,90,0.5783
3,91,0.5296
3,93,0.4683
3,94,0.4819
3,95,0.5054
3,96,0.6077
3,97,0.492
3,99,0.5795
3,100,0.5169
4,5,0.4886
4,6,0.4888
4,7,0.5422
4,8,0.5298
4,9,0.5679
4,10,0.5288
4,12,0.4577
4,14,0.5165
4,15,0.4588
4,16,0.5355
4,17,0.4674
4,19,0.5203
4,20,0.5167
4,21,0.5216
4,22,0.5197
4,24,0.6174
4,25,0.5714
4,26,0.4556
4,27,0.5141
4,28,0.5351
4,29,0.6707
4,32,0.5063
4,33,0.4995
4,34,0.5673
4,36,0.5426
4,37,0.5792
4,38,0.4825
4,39,0.5905
4,40,0.5311
4,46,0.579
4,48,0.5597
4,51,0.4725
4,53,0.4594
4,58,0.4508
4,59,0.5449
4,60,0.5395
4,61,0.5385
4,65,0.5368
4,66,0.531
4,67,0.5354
4,68,0.4784
4,69,0.6134
4,70,0.4769
4,71,0.4557
4,73,0.542
4,74,0.4655
4,77,0.4779
4,80,0.5132
4,81,0.462
4,87,0.5156
4,88,0.504
4,89,0.554
4,90,0.4649
4,91,0.5171
4,92,0.4875
4,93,0.4776
4,94,0.5937
4,95,0.5614
4,96,0.5783
4,97,0.5105
4,99,0.5107
4,100,0.5994
5,6,0.5355
5,7,0.5486
5,8,0.5094
5,9,0.5215
5,10,0.5578
5,11,0.5061
5,20,0.4918
5,22,0.4875
5,24,0.5713
5,25,0.5137
5,26,0.461
5,27,0.5134
5,29,0.5286
5,33,0.4636
5,36,0.4943
5,38,0.5134
5,39,0.497
5,46,0.6206
5,48,0.547
5,59,0.4837
5,60,0.4534
5,61,0.5984
5,63,0.4805
5,66,0.5048
5,69,0.5001
5,70,0.4503
5,87,0.4663
5,89,0.5101
5,91,0.4814
5,95,0.5254
5,96,0.5623
5,99,0.4822
5,100,0.4887
5,101,0.4583
6,7,0.7271
6,8,0.6387
6,9,0.5288
6,10,0.6062
6,11,0.5577
6,12,0.8065
6,13,0.5731
6,14,0.6708
6,15,0.4879
6,16,0.5005
6,17,0.6347
6,18,0.5756
6,19,0.6024
6,20,0.6799
6,21,0.5424
6,22,0.5036
6,23,0.4817
6,24,0.4586
6,25,0.5294
6,26,0.6271
6,27,0.4769
6,28,0.5064
6,30,0.5096
6,31,0.45
6,33,0.5562
6,34,0.5684
6,35,0.645
6,36,0.6316
6,37,0.6278
6,38,0.5613
6,39,0.5536
6,40,0.5333
6,41,0.5138
6,42,0.5856
6,43,0.5143
6,45,0.5604
6,46,0.6452
6,48,0.6208
6,49,0.5149
6,50,0.52
6,51,0.4782
6,52,0.465
6,55,0.5007
6,56,0.4586
6,57,0.4868
6,58,0.597
6,59,0.5854
6,60,0.6758
6,61,0.5882
6,62,0.547
6,63,0.4634
6,64,0.5966
6,65,0.6802
6,66,0.5684
6,67,0.5412
6,68,0.5652
6,69,0.558
6,70,0.4666
6,71,0.5362
6,72,0.6012
6,73,0.5504
6,74,0.5147
6,75,0.523
6,76,0.4894
6,77,0.5198
6,79,0.6673
6,80,0.46
6,81,0.6072
6,84,0.4921
6,89,0.6462
6,90,0.5393
6,91,0.5409
6,94,0.4584
6,96,0.6913
6,97,0.4864
6,99,0.6142
6,100,0.5066
6,101,0.5159
7,8,0.7314
7,9,0.5778
7,10,0.6993
7,11,0.6281
7,12,0.6316
7,13,0.6237
7,14,0.6453
7,15,0.4747
7,16,0.6987
7,17,0.6741
7,18,0.6157
7,19,0.6138
7,20,0.6706
7,21,0.6138
7,24,0.5713
7,25,0.6093
7,26,0.6318
7,27,0.4995
7,28,0.5495
7,29,0.5683
7,30,0.5604
7,31,0.535
7,32,0.5088
7,33,0.5796
7,34,0.6667
7,35,0.6514
7,36,0.7008
7,37,0.565
7,38,0.6016
7,39,0.5485
7,40,0.5824
7,41,0.5183
7,42,0.5573
7,43,0.4514
7,45,0.5213
7,46,0.6305
7,48,0.6726
7,49,0.57
7,51,0.4906
7,53,0.495
7,56,0.4605
7,58,0.5596
7,59,0.6332
7,60,0.6499
7,61,0.5657
7,62,0.6219
7,63,0.4642
7,64,0.5772
7,65,0.7848
7,66,0.5456
7,67,0.6461
7,68,0.554
7,69,0.6489
7,71,0.5226
7,72,0.5973
7,73,0.6093
7,74,0.489
7,75,0.5118
7,77,0.4538
7,79,0.6406
7,81,0.5334
7,84,0.4967
7,85,0.4528
7,88,0.5079
7,89,0.6723
7,90,0.5448
7,91,0.6107
7,92,0.4522
7,94,0.561
7,95,0.492
7,96,0.6888
7,97,0.5698
7,99,0.5659
7,100,0.6798
8,9,0.6999
8,10,0.5981
8,11,0.545
8,12,0.6178
8,13,0.6714
8,14,0.6527
8,15,0.537
8,16,0.6136
8,17,0.6667
8,18,0.6869
8,19,0.624
8,20,0.6973
8,21,0.5956
8,22,0.4682
8,23,0.4788
8,24,0.5747
8,25,0.5937
8,26,0.7467
8,27,0.5663
8,28,0.5598
8,29,0.5535
8,30,0.6777
8,31,0.5991
8,32,0.4683
8,33,0.5774
8,34,0.6413
8,35,0.6703
8,36,0.6974
8,37,0.526
8,38,0.6043
8,39,0.6285
8,40,0.5337
8,41,0.503
8,42,0.6057
8,43,0.5032
8,45,0.4911
8,46,0.6439
8,48,0.6616
8,49,0.5889
8,50,0.5291
8,51,0.5715
8,52,0.5758
8,56,0.6457
8,57,0.4524
8,58,0.5291
8,59,0.5784
8,60,0.6764
8,61,0.5737
8,62,0.6976
8,64,0.5549
8,65,0.6878
8,66,0.5751
8,67,0.6513
8,68,0.5922
8,69,0.6149
8,70,0.5572
8,71,0.6162
8,72,0.6282
8,73,0.6298
8,74,0.5676
8,75,0.5076
8,77,0.5353
8,79,0.5669
8,81,0.5272
8,87,0.4975
8,88,0.4895
8,89,0.7196
8,90,0.555
8,91,0.593
8,92,0.4755
8,93,0.5335
8,94,0.5578
8,95,0.4505
8,96,0.7237
8,97,0.5275
8,98,0.4751
8,99,0.6274
8,100,0.7042
9,10,0.5187
9,11,0.6018
9,12,0.5601
9,13,0.5728
9,14,0.638
9,15,0.6561
9,16,0.5846
9,17,0.6487
9,19,0.5987
9,20,0.6134
9,21,0.5784
9,22,0.4809
9,24,0.6294
9,25,0.5788
9,26,0.5001
9,27,0.6665
9,28,0.5131
9,29,0.5796
9,30,0.517
9,31,0.4599
9,33,0.5614
9,34,0.5826
9,35,0.4833
9,36,0.5198
9,37,0.4941
9,38,0.6069
9,39,0.706
9,42,0.6257
9,44,0.5302
9,46,0.6569
9,48,0.6556
9,49,0.5819
9,50,0.5573
9,51,0.5693
9,52,0.5138
9,55,0.4531
9,57,0.4895
9,58,0.5569
9,59,0.5524
9,60,0.5893
9,61,0.634
9,62,0.4711
9,64,0.6082
9,65,0.5872
9,66,0.5605
9,67,0.552
9,69,0.5678
9,70,0.5248
9,71,0.5642
9,72,0.5933
9,73,0.6038
9,74,0.5563
9,77,0.5416
9,78,0.4848
9,87,0.5005
9,88,0.4698
9,89,0.6485
9,91,0.5951
9,93,0.5654
9,94,0.588
9,95,0.532
9,96,0.6744
9,97,0.5089
9,99,0.6063
9,100,0.6775
10,11,0.5536
10,12,0.5313
10,13,0.5923
10,14,0.597
10,15,0.4762
10,16,0.6102
10,17,0.6336
10,18,0.5047
10,19,0.4967
10,20,0.5345
10,21,0.6292
10,23,0.4604
10,24,0.5629
10,25,0.5937
10,26,0.5589
10,27,0.502
10,28,0.5541
10,29,0.5766
10,30,0.6078
10,31,0.5157
10,32,0.4775
10,33,0.5542
10,34,0.5721
10,35,0.4771
10,36,0.5916
10,37,0.4912
10,38,0.6223
10,39,0.4749
10,40,0.4905
10,42,0.5441
10,43,0.4518
10,45,0.4834
10,46,0.5643
10,48,0.6642
10,49,0.5453
10,56,0.4669
10,57,0.5564
10,58,0.5365
10,59,0.5853
10,60,0.6058
10,61,0.5268
10,62,0.4584
10,64,0.4907
10,65,0.6581
10,66,0.5423
10,67,0.5815
10,69,0.6032
10,71,0.6136
10,72,0.5805
10,73,0.5354
10,74,0.5196
10,76,0.4787
10,79,0.6047
10,80,0.5119
10,81,0.4532
10,88,0.4953
10,89,0.528
10,90,0.4666
10,91,0.6474
10,94,0.5537
10,95,0.4942
10,96,0.5816
10,97,0.4834
10,99,0.5118
10,100,0.607
11,12,0.5179
11,13,0.6592
11,14,0.5308
11,15,0.4564
11,17,0.5336
11,18,0.5406
11,19,0.5579
11,20,0.5624
11,21,0.4566
11,26,0.5098
11,27,0.5657
11,28,0.5488
11,30,0.4903
11,32,0.5467
11,33,0.481
11,35,0.5561
11,36,0.5498
11,38,0.5524
11,39,0.5288
11,42,0.5374
11,45,0.4782
11,46,0.5591
11,48,0.5592
11,52,0.4679
11,53,0.4649
11,57,0.4865
11,58,0.5666
11,61,0.6813
11,64,0.7032
11,65,0.5735
11,66,0.5368
11,68,0.5119
11,69,0.5801
11,72,0.5038
11,73,0.4773
11,74,0.4735
11,75,0.491
11,76,0.4502
11,79,0.5516
11,81,0.5049
11,84,0.4986
11,85,0.4672
11,88,0.4545
11,89,0.5955
11,91,0.4503
11,93,0.4569
11,94,0.5311
11,95,0.5211
11,96,0.587
11,97,0.4615
11,99,0.4569
11,100,0.4615
12,13,0.6125
12,14,0.5726
12,15,0.4584
12,16,0.5077
12,17,0.5927
12,18,0.5961
12,19,0.5205
12,20,0.56
12,22,0.454
12,23,0.4966
12,25,0.4688
12,26,0.5575
12,27,0.4606
12,28,0.4809
12,30,0.5084
12,31,0.582
12,32,0.5165
12,34,0.5774
12,35,0.6646
12,36,0.6404
12,37,0.5455
12,38,0.6108
12,39,0.5596
12,40,0.5257
12,41,0.5431
12,42,0.5395
12,45,0.6122
12,46,0.4956
12,48,0.5441
12,49,0.5879
12,50,0.489
12,57,0.499
12,58,0.6243
12,59,0.5543
12,60,0.6385
12,61,0.5676
12,62,0.5673
12,64,0.619
12,65,0.6767
12,66,0.5512
12,67,0.5207
12,68,0.5886
12,69,0.5059
12,70,0.4789
12,71,0.5488
12,72,0.6012
12,73,0.606
12,74,0.4884
12,75,0.495
12,76,0.5498
12,77,0.5415
12,79,0.6754
12,81,0.5678
12,89,0.5324
12,90,0.4926
12,91,0.5267
12,93,0.5103
12,94,0.5117
12,96,0.6382
12,97,0.5362
12,99,0.5782
12,100,0.5243
12,101,0.4687
12,102,0.4677
13,14,0.6002
13,15,0.5506
13,16,0.5663
13,17,0.7113
13,18,0.7518
13,19,0.5681
13,20,0.5753
13,21,0.5512
13,24,0.454
13,25,0.5079
13,26,0.663
13,27,0.5572
13,28,0.5244
13,29,0.4821
13,30,0.6751
13,31,0.5439
13,32,0.4763
13,33,0.5044
13,34,0.5142
13,35,0.7728
13,36,0.6372
13,38,0.5707
13,39,0.5093
13,40,0.4551
13,42,0.6501
13,43,0.492
13,45,0.5764
13,46,0.5379
13,47,0.4653
13,48,0.5314
13,49,0.6794
13,50,0.4944
13,51,0.4722
13,55,0.4634
13,56,0.5147
13,57,0.535
13,58,0.4995
13,59,0.4784
13,60,0.5866
13,61,0.5902
13,62,0.6177
13,64,0.5752
13,65,0.6273
13,66,0.5445
13,67,0.5774
13,68,0.5862
13,69,0.566
13,70,0.4923
13,71,0.6433
13,72,0.6659
13,73,0.5975
13,74,0.5848
13,75,0.5016
13,76,0.5721
13,79,0.5365
13,81,0.5258
13,82,0.4624
13,85,0.496
13,89,0.5448
13,91,0.5659
13,93,0.4852
13,94,0.5104
13,95,0.4754
13,96,0.6845
13,97,0.4523
13,98,0.4797
13,99,0.5937
13,100,0.5087
14,15,0.5416
14,16,0.5997
14,17,0.6922
14,18,0.5491
14,19,0.6311
14,20,0.6126
14,21,0.5964
14,22,0.5103
14,23,0.4674
14,24,0.6075
14,25,0.6474
14,26,0.6589
14,27,0.6002
14,28,0.5382
14,29,0.5855
14,30,0.5698
14,31,0.484
14,32,0.4953
14,33,0.6374
14,34,0.5741
14,35,0.6503
14,36,0.6272
14,37,0.5796
14,38,0.5085
14,39,0.5816
14,40,0.4961
14,41,0.5339
14,42,0.6937
14,43,0.5623
14,44,0.462
14,45,0.4902
14,46,0.6547
14,47,0.477
14,48,0.6396
14,49,0.5028
14,50,0.5586
14,51,0.478
14,52,0.4772
14,55,0.4785
14,56,0.5677
14,57,0.4848
14,58,0.6334
14,59,0.5453
14,60,0.6239
14,61,0.5097
14,62,0.4977
14,64,0.4917
14,65,0.6346
14,66,0.6096
14,67,0.5928
14,68,0.525
14,69,0.5102
14,70,0.6289
14,71,0.573
14,72,0.6367
14,73,0.6265
14,74,0.6415
14,75,0.5207
14,76,0.4642
14,77,0.4995
14,78,0.4774
14,79,0.5309
14,81,0.5524
14,84,0.524
14,85,0.5077
14,87,0.4817
14,88,0.4952
14,89,0.6619
14,90,0.4947
14,91,0.5727
14,92,0.4734
14,93,0.519
14,94,0.5247
14,95,0.4684
14,96,0.6608
14,97,0.5442
14,99,0.7195
14,100,0.6023
15,16,0.564
15,17,0.6301
15,18,0.4571
15,19,0.5033
15,20,0.5047
15,21,0.6466
15,24,0.5347
15,25,0.5621
15,27,0.5107
15,28,0.4511
15,29,0.4751
15,30,0.4698
15,33,0.5765
15,38,0.5083
15,39,0.5319
15,42,0.5621
15,43,0.6047
15,44,0.4936
15,46,0.5331
15,48,0.4992
15,49,0.5642
15,50,0.478
15,51,0.5784
15,52,0.498
15,55,0.4871
15,57,0.4505
15,58,0.5146
15,59,0.5105
15,60,0.5817
15,61,0.5809
15,62,0.4833
15,64,0.5434
15,66,0.4625
15,67,0.5042
15,69,0.4762
15,71,0.4927
15,72,0.5872
15,77,0.4905
15,78,0.489
15,81,0.4804
15,89,0.494
15,91,0.5196
15,95,0.4581
15,96,0.4909
15,99,0.5193
15,100,0.5775
16,17,0.7759
16,18,0.482
16,19,0.4887
16,20,0.51
16,21,0.6968
16,22,0.4914
16,24,0.7206
16,25,0.7413
16,26,0.5144
16,27,0.567
16,29,0.6899
16,30,0.5669
16,33,0.669
16,34,0.6549
16,35,0.5402
16,36,0.5475
16,38,0.5785
16,39,0.4622
16,40,0.5453
16,42,0.5973
16,43,0.4541
16,45,0.4677
16,46,0.5043
16,48,0.6742
16,49,0.5323
16,51,0.4991
16,58,0.5762
16,59,0.7409
16,60,0.6305
16,61,0.5327
16,62,0.4557
16,64,0.4794
16,65,0.714
16,66,0.485
16,67,0.7502
16,68,0.4619
16,69,0.5289
16,71,0.5368
16,72,0.6093
16,73,0.5472
16,79,0.4832
16,81,0.471
16,87,0.524
16,88,0.4739
16,89,0.5401
16,91,0.6839
16,94,0.5805
16,95,0.5302
16,96,0.5713
16,97,0.6135
16,99,0.5183
16,100,0.7665
17,18,0.5535
17,19,0.5142
17,20,0.5398
17,21,0.6538
17,24,0.6211
17,25,0.6712
17,26,0.58
17,27,0.5716
17,28,0.4509
17,29,0.5936
17,30,0.5913
17,31,0.4634
17,33,0.6368
17,34,0.6282
17,35,0.6286
17,36,0.5944
17,38,0.6114
17,39,0.5253
17,40,0.5252
17,42,0.6801
17,43,0.5271
17,45,0.544
17,46,0.5599
17,48,0.6348
17,49,0.5704
17,50,0.5052
17,51,0.5018
17,57,0.5121
17,58,0.6483
17,59,0.6443
17,60,0.6318
17,61,0.5753
17,62,0.538
17,64,0.5144
17,65,0.7001
17,66,0.4934
17,67,0.7333
17,68,0.4652
17,69,0.5248
17,71,0.6308
17,72,0.6448
17,73,0.6247
17,74,0.5514
17,79,0.5183
17,81,0.4642
17,87,0.4622
17,88,0.4617
17,89,0.5802
17,91,0.6454
17,93,0.4528
17,94,0.5687
17,95,0.5336
17,96,0.6788
17,97,0.5724
17,99,0.5977
17,100,0.6885
17,101,0.4631
18,19,0.5388
18,20,0.5507
18,21,0.4966
18,23,0.4888
18,26,0.7174
18,28,0.498
18,30,0.6201
18,31,0.6479
18,32,0.4883
18,33,0.4792
18,35,0.7672
18,36,0.688
18,38,0.471
18,39,0.4541
18,41,0.459
18,42,0.5701
18,43,0.504
18,45,0.5195
18,46,0.5292
18,49,0.6271
18,50,0.5326
18,52,0.457
18,56,0.5532
18,60,0.4669
18,61,0.5837
18,62,0.5707
18,64,0.5015
18,65,0.6217
18,66,0.5009
18,67,0.4928
18,68,0.6548
18,69,0.482
18,70,0.4813
18,71,0.5327
18,72,0.55
18,73,0.5257
18,74,0.4639
18,75,0.4729
18,76,0.4862
18,79,0.5943
18,81,0.5238
18,89,0.4747
18,93,0.4775
18,96,0.6106
18,98,0.4895
18,99,0.5732
18,100,0.488
19,20,0.7468
19,21,0.7021
19,22,0.5281
19,23,0.5883
19,24,0.5351
19,25,0.5556
19,26,0.6297
19,27,0.5488
19,28,0.6964
19,29,0.5275
19,30,0.5083
19,31,0.4727
19,33,0.6242
19,34,0.5501
19,35,0.5427
19,36,0.6089
19,37,0.5713
19,38,0.4632
19,39,0.6185
19,40,0.4933
19,41,0.6043
19,42,0.5348
19,43,0.6091
19,44,0.479
19,45,0.4624
19,46,0.5911
19,47,0.4606
19,48,0.6067
19,51,0.4646
19,52,0.4742
19,56,0.5426
19,58,0.4995
19,59,0.5818
19,60,0.6088
19,61,0.5245
19,62,0.5194
19,63,0.4549
19,64,0.5064
19,65,0.5489
19,66,0.5437
19,67,0.4642
19,68,0.5806
19,69,0.5246
19,70,0.5987
19,71,0.4786
19,72,0.5085
19,73,0.5195
19,75,0.6742
19,76,0.5185
19,77,0.5249
19,80,0.4521
19,81,0.5821
19,83,0.4742
19,84,0.5693
19,88,0.589
19,89,0.6259
19,90,0.5532
19,91,0.5203
19,92,0.4661
19,93,0.512
19,94,0.4811
19,95,0.4957
19,96,0.6258
19,97,0.4832
19,99,0.55
20,21,0.6486
20,22,0.4681
20,23,0.4892
20,24,0.4798
20,25,0.4951
20,26,0.6391
20,27,0.5969
20,28,0.5934
20,29,0.5105
20,30,0.578
20,31,0.4683
20,33,0.6391
20,34,0.5645
20,35,0.5958
20,36,0.609
20,37,0.5954
20,38,0.5268
20,39,0.6723
20,40,0.473
20,41,0.5563
20,42,0.5914
20,43,0.5881
20,45,0.5176
20,46,0.6665
20,48,0.6315
20,49,0.4745
20,50,0.4664
20,51,0.5494
20,52,0.5195
20,56,0.5128
20,58,0.4643
20,59,0.5417
20,60,0.641
20,61,0.5931
20,62,0.561
20,63,0.5133
20,64,0.5718
20,65,0.5803
20,66,0.5832
20,67,0.4522
20,68,0.5411
20,69,0.6286
20,70,0.5681
20,71,0.4876
20,72,0.5625
20,73,0.5705
20,74,0.4898
20,75,0.642
20,77,0.5714
20,78,0.4967
20,79,0.5405
20,80,0.4738
20,81,0.5456
20,84,0.5714
20,85,0.4615
20,88,0.5553
20,89,0.6885
20,90,0.5233
20,91,0.5031
20,92,0.4892
20,93,0.5337
20,95,0.4594
20,96,0.6995
20,97,0.518
20,99,0.5902
20,100,0.4972
21,22,0.5325
21,24,0.6666
21,25,0.7086
21,26,0.5076
21,27,0.5647
21,28,0.5414
21,29,0.6644
21,30,0.5481
21,33,0.7501
21,34,0.5739
21,35,0.4877
21,36,0.5724
21,37,0.5048
21,38,0.5289
21,39,0.5706
21,40,0.4649
21,42,0.5774
21,43,0.6486
21,45,0.4863
21,46,0.5431
21,48,0.6402
21,49,0.4923
21,50,0.4582
21,51,0.5078
21,52,0.4548
21,59,0.6942
21,60,0.664
21,61,0.4726
21,62,0.463
21,63,0.4689
21,64,0.4664
21,65,0.6242
21,66,0.5149
21,67,0.5915
21,68,0.4897
21,69,0.5067
21,70,0.4782
21,71,0.5491
21,72,0.5374
21,73,0.5403
21,75,0.5292
21,77,0.4669
21,81,0.5114
21,88,0.5643
21,89,0.5486
21,90,0.5159
21,91,0.6104
21,94,0.4971
21,95,0.5024
21,96,0.5755
21,97,0.5535
21,99,0.5193
21,100,0.5667
22,24,0.7243
22,25,0.6917
22,27,0.4656
22,29,0.6696
22,33,0.5034
22,35,0.4623
22,36,0.4788
22,37,0.4757
22,38,0.5027
22,39,0.4883
22,45,0.4693
22,46,0.5092
22,48,0.6161
22,59,0.5557
22,60,0.5728
22,61,0.4909
22,63,0.5081
22,66,0.5995
22,69,0.5119
22,70,0.5601
22,71,0.5035
22,73,0.4593
22,75,0.5273
22,77,0.5385
22,81,0.4908
22,89,0.5321
22,91,0.5851
22,95,0.5925
22,96,0.6054
22,97,0.4543
22,99,0.5239
22,100,0.4848
22,101,0.4527
23,26,0.5424
23,28,0.5626
23,36,0.5938
23,37,0.4913
23,38,0.4503
23,56,0.5058
23,57,0.4592
23,64,0.4663
23,68,0.4539
23,70,0.5298
23,76,0.6078
23,81,0.4746
23,90,0.4874
24,25,0.9013
24,26,0.4532
24,27,0.6053
24,29,0.8983
24,30,0.4518
24,33,0.6206
24,34,0.6349
24,36,0.4776
24,37,0.4726
24,38,0.5617
24,39,0.5195
24,40,0.5334
24,42,0.5262
24,46,0.5505
24,48,0.7365
24,51,0.5201
24,58,0.5269
24,59,0.7655
24,60,0.6716
24,61,0.5052
24,63,0.5039
24,65,0.5676
24,66,0.5281
24,67,0.6563
24,69,0.5548
24,70,0.5333
24,71,0.5684
24,72,0.4898
24,73,0.5466
24,74,0.4726
24,77,0.4696
24,85,0.4586
24,86,0.4541
24,87,0.5903
24,88,0.4966
24,89,0.6089
24,91,0.7028
24,94,0.5972
24,95,0.6462
24,96,0.6142
24,97,0.5092
24,99,0.5403
24,100,0.73
25,26,0.4723
25,27,0.4713
25,29,0.848
25,30,0.4822
25,33,0.6328
25,34,0.6265
25,36,0.5014
25,37,0.4838
25,38,0.5223
25,39,0.5027
25,40,0.5171
25,42,0.5333
25,43,0.4777
25,46,0.5708
25,48,0.6898
25,51,0.5086
25,58,0.5091
25,59,0.7576
25,60,0.7448
25,62,0.4502
25,63,0.4828
25,65,0.6057
25,66,0.5291
25,67,0.6761
25,69,0.4708
25,70,0.462
25,71,0.5839
25,72,0.5575
25,73,0.5142
25,74,0.5024
25,77,0.494
25,81,0.4532
25,87,0.5874
25,89,0.5931
25,91,0.685
25,94,0.5414
25,95,0.5453
25,96,0.5874
25,97,0.4796
25,99,0.5064
25,100,0.6822
25,101,0.4551
26,27,0.5548
26,28,0.5604
26,29,0.4639
26,30,0.7121
26,31,0.6288
26,32,0.5365
26,33,0.5461
26,34,0.5315
26,35,0.6976
26,36,0.6962
26,37,0.5249
26,38,0.5056
26,39,0.4668
26,40,0.464
26,41,0.5269
26,42,0.5653
26,43,0.5015
26,46,0.5496
26,48,0.5396
26,49,0.5545
26,56,0.6218
26,58,0.4895
26,59,0.4986
26,60,0.569
26,61,0.4803
26,62,0.6639
26,64,0.5166
26,65,0.6268
26,66,0.5302
26,67,0.6049
26,68,0.6004
26,69,0.5224
26,70,0.494
26,71,0.6056
26,72,0.622
26,73,0.5386
26,74,0.5116
26,75,0.528
26,76,0.5065
26,77,0.4622
26,79,0.5644
26,81,0.5855
26,84,0.4704
26,88,0.4588
26,89,0.5758
26,91,0.5741
26,93,0.4693
26,94,0.498
26,96,0.6177
26,98,0.4785
26,99,0.6353
26,100,0.5148
27,28,0.4817
27,29,0.5626
27,30,0.6263
27,33,0.6425
27,34,0.5672
27,35,0.5583
27,36,0.5311
27,38,0.5712
27,39,0.5312
27,41,0.4731
27,42,0.6915
27,43,0.5028
27,44,0.5248
27,45,0.4949
27,46,0.5435
27,48,0.6784
27,49,0.488
27,50,0.4723
27,52,0.4644
27,56,0.4858
27,57,0.5526
27,58,0.5456
27,59,0.5488
27,60,0.5192
27,61,0.6352
27,64,0.5774
27,65,0.545
27,66,0.5278
27,67,0.4984
27,68,0.4973
27,69,0.5725
27,70,0.5348
27,71,0.5669
27,72,0.5725
27,73,0.6429
27,74,0.4914
27,75,0.4531
27,76,0.4678
27,78,0.4902
27,83,0.4729
27,85,0.4993
27,87,0.4617
27,88,0.5235
27,89,0.5844
27,91,0.562
27,92,0.4717
27,93,0.5685
27,94,0.5605
27,95,0.5641
27,96,0.639
27,97,0.6466
27,99,0.6211
27,100,0.6036
28,30,0.5181
28,31,0.5144
28,33,0.4579
28,34,0.4502
28,35,0.4581
28,36,0.6587
28,37,0.5204
28,38,0.49
28,39,0.5701
28,41,0.5482
28,43,0.4741
28,45,0.4695
28,46,0.5278
28,48,0.5091
28,55,0.459
28,56,0.5282
28,60,0.4758
28,61,0.4647
28,62,0.5138
28,64,0.5373
28,65,0.49
28,66,0.5572
28,67,0.4507
28,69,0.5365
28,71,0.4533
28,72,0.5057
28,75,0.5656
28,78,0.4575
28,79,0.4512
28,80,0.4533
28,81,0.5241
28,84,0.5213
28,88,0.5545
28,89,0.4837
28,90,0.5379
28,92,0.4629
28,93,0.4758
28,96,0.5414
28,97,0.5371
29,30,0.4705
29,33,0.6021
29,34,0.6447
29,36,0.4948
29,37,0.4546
29,38,0.5061
29,39,0.5063
29,40,0.5665
29,42,0.4891
29,46,0.5117
29,48,0.6798
29,51,0.4975
29,58,0.494
29,59,0.7241
29,60,0.6854
29,61,0.4663
29,63,0.4712
29,65,0.5686
29,66,0.4992
29,67,0.6731
29,69,0.5764
29,70,0.4622
29,71,0.5482
29,72,0.5079
29,73,0.5655
29,74,0.4908
29,87,0.6026
29,88,0.4918
29,89,0.6112
29,90,0.4601
29,91,0.6333
29,92,0.4501
29,94,0.6053
29,95,0.6313
29,96,0.5718
29,97,0.5078
29,99,0.5008
29,100,0.6781
30,31,0.5648
30,32,0.4625
30,33,0.594
30,34,0.5234
30,35,0.6623
30,36,0.576
30,38,0.4888
30,42,0.6632
30,43,0.5444
30,45,0.5094
30,46,0.5151
30,48,0.562
30,49,0.5634
30,56,0.6012
30,57,0.4649
30,58,0.4625
30,59,0.5232
30,60,0.5914
30,61,0.452
30,62,0.5808
30,64,0.4515
30,65,0.6638
30,66,0.4555
30,67,0.5803
30,68,0.5821
30,69,0.5446
30,71,0.6049
30,72,0.7046
30,73,0.5714
30,74,0.479
30,79,0.482
30,81,0.4535
30,89,0.4789
30,90,0.451
30,91,0.5971
30,92,0.4563
30,93,0.5444
30,94,0.5309
30,96,0.5759
30,97,0.4604
30,99,0.5744
30,100,0.5539
31,32,0.6134
31,35,0.5491
31,36,0.6504
31,37,0.4772
31,38,0.556
31,39,0.4804
31,48,0.4794
31,49,0.5697
31,56,0.5243
31,60,0.4868
31,62,0.5304
31,64,0.4589
31,65,0.6142
31,66,0.5426
31,67,0.4927
31,68,0.528
31,69,0.4535
31,70,0.4687
31,71,0.5261
31,72,0.4676
31,73,0.5087
31,76,0.4777
31,77,0.5042
31,79,0.5983
31,93,0.4658
31,96,0.5418
31,98,0.4845
31,99,0.5354
31,100,0.4589
32,35,0.5088
32,36,0.5102
32,37,0.4801
32,38,0.5061
32,39,0.4813
32,42,0.4626
32,48,0.4884
32,49,0.4799
32,50,0.4781
32,61,0.5035
32,64,0.4842
32,65,0.5563
32,67,0.4683
32,68,0.5338
32,69,0.4555
32,72,0.4758
32,73,0.4876
32,79,0.6385
32,87,0.4728
32,89,0.4698
32,90,0.48
32,94,0.4779
32,99,0.5303
32,100,0.5046
33,34,0.6329
33,35,0.5151
33,36,0.4857
33,37,0.4662
33,38,0.5081
33,39,0.5196
33,40,0.5272
33,41,0.4953
33,42,0.6348
33,43,0.8356
33,44,0.5226
33,45,0.4812
33,46,0.6096
33,47,0.4897
33,48,0.6332
33,50,0.4826
33,51,0.5372
33,58,0.5082
33,59,0.6649
33,60,0.6124
33,61,0.5513
33,65,0.6129
33,67,0.5669
33,68,0.5326
33,69,0.5419
33,70,0.491
33,71,0.5134
33,72,0.6104
33,73,0.5772
33,74,0.492
33,75,0.513
33,77,0.4954
33,81,0.4823
33,83,0.5205
33,87,0.511
33,88,0.5393
33,89,0.6233
33,91,0.6
33,92,0.4937
33,93,0.5465
33,94,0.55
33,95,0.5041
33,96,0.5727
33,97,0.5908
33,99,0.6047
33,100,0.5844
34,35,0.5012
34,36,0.5536
34,37,0.4973
34,38,0.5278
34,39,0.5416
34,40,0.8779
34,41,0.5429
34,42,0.5515
34,43,0.4569
34,46,0.5354
34,48,0.6924
34,49,0.5191
34,50,0.4574
34,51,0.6152
34,52,0.4577
34,56,0.5235
34,58,0.4961
34,59,0.6221
34,60,0.6426
34,61,0.4787
34,62,0.5598
34,65,0.6917
34,67,0.6665
34,68,0.541
34,69,0.6129
34,70,0.4821
34,71,0.6175
34,72,0.6021
34,73,0.6666
34,74,0.5255
34,76,0.4634
34,77,0.4535
34,78,0.4741
34,85,0.503
34,86,0.4725
34,87,0.5333
34,88,0.5827
34,89,0.6387
34,90,0.4878
34,91,0.6895
34,92,0.5875
34,93,0.5543
34,94,0.6954
34,95,0.5199
34,96,0.6394
34,97,0.6459
34,99,0.5667
34,100,0.7021
35,36,0.6796
35,37,0.4678
35,38,0.53
35,39,0.4645
35,40,0.4824
35,41,0.5394
35,42,0.6821
35,43,0.5109
35,45,0.6485
35,46,0.4871
35,48,0.5226
35,49,0.5882
35,50,0.4647
35,55,0.4686
35,56,0.5393
35,57,0.4934
35,58,0.5604
35,59,0.5
35,60,0.5346
35,61,0.5189
35,62,0.6119
35,64,0.5528
35,65,0.6532
35,66,0.5242
35,67,0.5641
35,68,0.6374
35,69,0.5583
35,70,0.5479
35,71,0.5948
35,72,0.6275
35,73,0.6784
35,74,0.5117
35,75,0.5859
35,76,0.5363
35,79,0.5916
35,81,0.5822
35,84,0.513
35,85,0.5354
35,89,0.5439
35,90,0.4737
35,91,0.5454
35,93,0.5355
35,94,0.4599
35,96,0.7024
35,97,0.5018
35,99,0.7082
35,100,0.5146
36,37,0.5666
36,38,0.679
36,39,0.5397
36,40,0.5188
36,41,0.5672
36,42,0.4741
36,45,0.5398
36,46,0.5442
36,48,0.6368
36,49,0.5756
36,50,0.4627
36,53,0.509
36,56,0.5854
36,58,0.504
36,59,0.4813
36,60,0.5623
36,61,0.5764
36,62,0.5964
36,63,0.5155
36,64,0.6101
36,65,0.7016
36,66,0.5757
36,67,0.5904
36,68,0.5988
36,69,0.6255
36,70,0.5206
36,71,0.5684
36,72,0.5323
36,73,0.6
36,74,0.4652
36,75,0.5695
36,76,0.5938
36,77,0.4722
36,79,0.6397
36,80,0.4943
36,81,0.5488
36,88,0.5177
36,89,0.5521
36,90,0.5219
36,91,0.5711
36,92,0.4549
36,93,0.4554
36,94,0.5625
36,95,0.5196
36,96,0.7023
36,97,0.6126
36,98,0.4843
36,99,0.6272
36,100,0.6087
37,38,0.4928
37,39,0.5801
37,40,0.47
37,41,0.4692
37,42,0.4721
37,45,0.4764
37,46,0.5198
37,48,0.5464
37,50,0.528
37,51,0.4893
37,52,0.4835
37,55,0.4774
37,59,0.4581
37,60,0.5531
37,62,0.4575
37,63,0.5299
37,64,0.4972
37,65,0.5085
37,66,0.5283
37,67,0.4854
37,68,0.4512
37,69,0.601
37,70,0.5495
37,71,0.4541
37,73,0.5981
37,75,0.4839
37,77,0.5287
37,79,0.5463
37,80,0.4553
37,81,0.4726
37,85,0.466
37,88,0.4573
37,89,0.607
37,90,0.527
37,91,0.4668
37,92,0.4795
37,93,0.4759
37,94,0.4669
37,96,0.5743
37,97,0.478
37,99,0.5869
37,100,0.5072
37,101,0.4572
37,104,0.4574
38,39,0.5883
38,40,0.4694
38,42,0.4754
38,45,0.4987
38,46,0.5085
38,48,0.7583
38,49,0.5322
38,50,0.4892
38,53,0.5197
38,57,0.4695
38,58,0.5021
38,59,0.5356
38,60,0.5848
38,61,0.5855
38,62,0.4843
38,63,0.5211
38,64,0.6587
38,65,0.6559
38,66,0.5837
38,67,0.5286
38,69,0.6064
38,70,0.4944
38,71,0.5457
38,72,0.5115
38,73,0.6116
38,74,0.5108
38,75,0.5477
38,76,0.5475
38,77,0.4823
38,79,0.5983
38,89,0.5442
38,91,0.6427
38,94,0.5332
38,95,0.5212
38,96,0.6214
38,97,0.5962
38,99,0.5747
38,100,0.6384
39,40,0.4666
39,42,0.5432
39,43,0.5025
39,45,0.4801
39,46,0.6214
39,48,0.5748
39,49,0.5264
39,50,0.602
39,51,0.5777
39,52,0.5813
39,57,0.4529
39,58,0.491
39,60,0.5583
39,61,0.5991
39,62,0.455
39,64,0.5344
39,65,0.5473
39,66,0.5967
39,67,0.4801
39,68,0.4704
39,69,0.5295
39,70,0.5982
39,71,0.4972
39,72,0.5249
39,73,0.5372
39,74,0.5384
39,75,0.4636
39,76,0.454
39,77,0.5553
39,78,0.4941
39,79,0.4938
39,88,0.5503
39,89,0.5953
39,90,0.4819
39,91,0.5026
39,92,0.4608
39,93,0.512
39,94,0.5106
39,95,0.4873
39,96,0.6896
39,97,0.5192
39,99,0.5622
39,100,0.5922
40,41,0.5164
40,48,0.5976
40,51,0.5952
40,59,0.5302
40,60,0.5519
40,62,0.5409
40,65,0.6521
40,67,0.5834
40,68,0.5412
40,69,0.5562
40,70,0.4648
40,71,0.5167
40,72,0.5216
40,73,0.5703
40,74,0.4914
40,75,0.4509
40,76,0.4667
40,78,0.4934
40,85,0.4602
40,86,0.4523
40,87,0.5103
40,88,0.5551
40,89,0.5607
40,90,0.4789
40,91,0.5454
40,92,0.5947
40,93,0.4836
40,94,0.6328
40,95,0.4785
40,96,0.5718
40,97,0.5363
40,99,0.4737
40,100,0.6317
41,44,0.519
41,45,0.4781
41,47,0.6029
41,56,0.5698
41,60,0.4567
41,64,0.5148
41,65,0.4865
41,66,0.4769
41,68,0.5607
41,70,0.48
41,73,0.4847
41,75,0.6445
41,77,0.4624
41,81,0.5639
41,82,0.5181
41,83,0.5334
41,84,0.7541
41,89,0.5904
41,90,0.4908
41,93,0.5685
41,97,0.5029
42,43,0.6084
42,44,0.5138
42,45,0.5715
42,46,0.585
42,48,0.5659
42,49,0.5778
42,50,0.6321
42,51,0.4536
42,56,0.5077
42,57,0.5609
42,58,0.5534
42,59,0.5821
42,60,0.5796
42,61,0.54
42,64,0.4808
42,65,0.5967
42,66,0.5477
42,67,0.5805
42,68,0.5459
42,69,0.4937
42,70,0.5425
42,71,0.6096
42,72,0.7144
42,73,0.6661
42,74,0.5532
42,77,0.4747
42,78,0.4887
42,79,0.4738
42,85,0.5093
42,87,0.4845
42,89,0.6315
42,91,0.5558
42,92,0.4544
42,93,0.5983
42,94,0.4986
42,95,0.4824
42,96,0.6598
42,97,0.5337
42,99,0.6636
42,100,0.5784
43,44,0.5022
43,45,0.487
43,46,0.5721
43,48,0.4806
43,50,0.4824
43,51,0.4628
43,56,0.4801
43,59,0.4987
43,60,0.5075
43,61,0.5058
43,62,0.4575
43,65,0.4742
43,68,0.4996
43,70,0.4935
43,71,0.4648
43,72,0.6056
43,73,0.4927
43,75,0.5258
43,77,0.4926
43,81,0.4642
43,89,0.5054
43,91,0.4847
43,93,0.5036
43,96,0.5143
43,99,0.5812
44,47,0.5665
44,50,0.5106
44,77,0.4864
44,81,0.497
44,83,0.6164
44,93,0.5732
44,99,0.5388
45,47,0.4736
45,48,0.4654
45,53,0.4939
45,54,0.5421
45,55,0.552
45,57,0.4701
45,58,0.5298
45,59,0.4827
45,60,0.5275
45,61,0.5046
45,62,0.4523
45,64,0.5898
45,65,0.5395
45,66,0.4757
45,67,0.4567
45,69,0.524
45,70,0.4575
45,71,0.5334
45,72,0.5997
45,73,0.5378
45,75,0.4854
45,76,0.4506
45,77,0.4708
45,79,0.5542
45,81,0.5754
45,84,0.4635
45,85,0.5413
45,86,0.4805
45,90,0.4633
45,91,0.5424
45,93,0.525
45,94,0.4511
45,96,0.6057
45,97,0.4985
45,99,0.5632
45,100,0.4545
45,101,0.514
45,102,0.468
46,48,0.6522
46,49,0.491
46,50,0.5739
46,51,0.5324
46,52,0.4629
46,58,0.4581
46,59,0.5055
46,60,0.5461
46,61,0.6347
46,62,0.4756
46,63,0.5124
46,64,0.4853
46,65,0.5836
46,66,0.5736
46,67,0.5113
46,68,0.468
46,69,0.5725
46,70,0.586
46,71,0.5566
46,72,0.5683
46,73,0.5004
46,74,0.6168
46,77,0.6173
46,78,0.4677
46,79,0.4985
46,81,0.4934
46,84,0.4941
46,87,0.4704
46,88,0.479
46,89,0.6811
46,90,0.4649
46,91,0.5343
46,92,0.4686
46,95,0.5178
46,96,0.6824
46,97,0.494
46,99,0.6142
46,100,0.5485
47,75,0.5031
47,81,0.5471
47,82,0.6487
47,83,0.6816
47,84,0.5827
47,89,0.4665
48,50,0.4845
48,51,0.5515
48,52,0.5227
48,57,0.4666
48,58,0.5454
48,59,0.6454
48,60,0.7119
48,61,0.6281
48,62,0.4974
48,63,0.5751
48,64,0.5525
48,65,0.705
48,66,0.5882
48,67,0.5913
48,68,0.5013
48,69,0.6779
48,70,0.5335
48,71,0.5992
48,72,0.5926
48,73,0.6512
48,74,0.5662
48,75,0.5878
48,77,0.4946
48,79,0.4848
48,81,0.4572
48,85,0.4777
48,87,0.5011
48,88,0.5761
48,89,0.6947
48,90,0.4894
48,91,0.6968
48,92,0.503
48,94,0.5878
48,95,0.5747
48,96,0.7161
48,97,0.6149
48,99,0.5849
48,100,0.7173
48,101,0.4508
49,50,0.5434
49,51,0.4601
49,57,0.4553
49,58,0.4546
49,60,0.5156
49,61,0.5063
49,62,0.5685
49,64,0.4956
49,65,0.6279
49,66,0.4608
49,67,0.5785
49,68,0.5383
49,69,0.5276
49,71,0.5853
49,72,0.55
49,73,0.5297
49,74,0.4728
49,79,0.6479
49,91,0.5241
49,96,0.5355
49,99,0.5681
49,100,0.5603
50,51,0.4619
50,52,0.579
50,60,0.4679
50,61,0.5065
50,63,0.4536
50,64,0.4593
50,65,0.5176
50,67,0.4575
50,70,0.5202
50,71,0.5017
50,72,0.4519
50,73,0.5422
50,74,0.5574
50,77,0.5537
50,79,0.4501
50,84,0.4559
50,89,0.6809
50,93,0.4527
50,96,0.5649
50,99,0.5763
50,100,0.5136
51,52,0.5078
51,59,0.4516
51,60,0.6153
51,61,0.5268
51,62,0.5975
51,65,0.4857
51,67,0.6218
51,69,0.6099
51,71,0.5209
51,72,0.5423
51,73,0.5206
51,74,0.5482
51,77,0.4626
51,78,0.5331
51,85,0.5086
51,86,0.4951
51,87,0.5519
51,88,0.4841
51,89,0.5559
51,90,0.4518
51,91,0.5412
51,92,0.5021
51,94,0.5597
51,96,0.5881
51,99,0.4742
51,100,0.6122
52,56,0.5633
52,60,0.4817
52,61,0.5288
52,64,0.454
52,69,0.5228
52,70,0.4577
52,73,0.491
52,75,0.4679
52,77,0.4748
52,78,0.4572
52,80,0.5109
52,84,0.4739
52,89,0.5955
52,90,0.5509
52,93,0.4604
52,94,0.4514
52,96,0.5717
52,99,0.5242
52,100,0.519
53,58,0.498
53,64,0.5275
53,65,0.4956
53,69,0.4781
53,94,0.4585
54,55,0.6803
54,57,0.4677
54,64,0.493
54,81,0.487
55,58,0.4965
55,64,0.4703
55,67,0.4594
55,81,0.6043
55,84,0.5122
55,90,0.4501
56,62,0.5268
56,65,0.5038
56,68,0.5702
56,70,0.5114
56,71,0.4909
56,72,0.4833
56,73,0.4953
56,75,0.493
56,76,0.5401
56,77,0.493
56,80,0.4688
56,84,0.5003
56,89,0.5456
56,90,0.4655
56,93,0.4873
56,96,0.5071
56,99,0.5505
56,100,0.4558
57,58,0.6446
57,61,0.4775
57,64,0.4697
57,66,0.4823
57,69,0.4714
57,71,0.5638
57,72,0.5329
57,73,0.4909
57,74,0.4915
57,76,0.4913
57,96,0.4906
57,101,0.4855
58,59,0.535
58,60,0.574
58,61,0.5811
58,64,0.6022
58,65,0.5888
58,66,0.5665
58,67,0.5507
58,68,0.5046
58,69,0.523
58,71,0.5252
58,72,0.6092
58,73,0.5095
58,74,0.485
58,76,0.4661
58,79,0.4747
58,81,0.6073
58,89,0.4861
58,91,0.503
58,94,0.4825
58,95,0.5536
58,96,0.5263
58,97,0.4716
58,99,0.4793
58,100,0.542
58,101,0.489
59,60,0.7458
59,61,0.5233
59,63,0.4583
59,65,0.6695
59,66,0.4987
59,67,0.6352
59,68,0.5128
59,69,0.5367
59,71,0.5103
59,72,0.5564
59,73,0.5323
59,75,0.4507
59,77,0.486
59,79,0.4565
59,81,0.4559
59,87,0.6046
59,89,0.6052
59,90,0.5251
59,91,0.6389
59,94,0.5361
59,95,0.5174
59,96,0.5573
59,97,0.4902
59,99,0.5147
59,100,0.6691
60,61,0.516
60,62,0.5612
60,64,0.4954
60,65,0.6604
60,66,0.5802
60,67,0.6333
60,68,0.5177
60,69,0.5784
60,71,0.6446
60,72,0.6768
60,73,0.6112
60,74,0.5295
60,75,0.5665
60,77,0.4975
60,79,0.5043
60,81,0.5483
60,87,0.5447
60,88,0.4545
60,89,0.6308
60,90,0.5309
60,91,0.6794
60,92,0.4522
60,94,0.53
60,95,0.4899
60,96,0.6303
60,97,0.5021
60,99,0.5406
60,100,0.6213
60,101,0.4836
61,63,0.4526
61,64,0.6525
61,65,0.5532
61,66,0.5903
61,68,0.4658
61,69,0.6199
61,70,0.464
61,71,0.4869
61,72,0.5457
61,73,0.5195
61,74,0.4958
61,75,0.4676
61,76,0.4707
61,77,0.4665
61,78,0.4543
61,79,0.5301
61,81,0.4633
61,86,0.5014
61,87,0.5173
61,88,0.4738
61,89,0.5827
61,91,0.4675
61,92,0.4797
61,93,0.4606
61,94,0.5523
61,95,0.59
61,96,0.6811
61,97,0.5279
61,99,0.5693
61,100,0.6053
62,64,0.477
62,65,0.5585
62,67,0.5558
62,68,0.4858
62,69,0.5286
62,71,0.5747
62,72,0.6481
62,73,0.4927
62,75,0.568
62,79,0.5645
62,81,0.4753
62,91,0.5174
62,94,0.46
62,96,0.5819
62,98,0.5638
62,99,0.461
62,100,0.5098
63,64,0.5028
63,65,0.5126
63,66,0.4797
63,69,0.498
63,70,0.4935
63,77,0.6528
63,79,0.4836
63,89,0.5727
63,91,0.4651
63,96,0.4821
63,97,0.4529
63,99,0.4916
63,100,0.4516
64,65,0.6213
64,66,0.6081
64,68,0.5274
64,69,0.5992
64,71,0.4643
64,72,0.5335
64,73,0.5076
64,75,0.5266
64,76,0.5119
64,77,0.4771
64,79,0.6129
64,81,0.5954
64,84,0.4719
64,85,0.4758
64,89,0.5745
64,91,0.4736
64,93,0.4756
64,94,0.4659
64,95,0.5119
64,96,0.5667
64,97,0.5287
64,99,0.5418
64,100,0.5376
64,104,0.4549
65,66,0.5417
65,67,0.6997
65,68,0.6121
65,69,0.6308
65,70,0.4543
65,71,0.6037
65,72,0.6504
65,73,0.6611
65,74,0.5007
65,75,0.4752
65,76,0.4669
65,77,0.4517
65,79,0.6261
65,81,0.462
65,87,0.477
65,88,0.5064
65,89,0.6468
65,90,0.4759
65,91,0.6651
65,92,0.4714
65,93,0.4582
65,94,0.6086
65,96,0.6915
65,97,0.605
65,99,0.6405
65,100,0.7641
66,68,0.4719
66,69,0.4989
66,70,0.5868
66,71,0.4881
66,72,0.4889
66,73,0.5483
66,74,0.4592
66,75,0.4892
66,76,0.5072
66,77,0.5252
66,78,0.4512
66,79,0.5401
66,81,0.5299
66,89,0.531
66,91,0.4772
66,93,0.4769
66,95,0.515
66,96,0.631
66,97,0.5052
66,99,0.5275
66,100,0.4849
67,68,0.4684
67,69,0.5822
67,71,0.6391
67,72,0.6088
67,73,0.5795
67,74,0.532
67,79,0.4903
67,81,0.4631
67,87,0.5747
67,88,0.4643
67,89,0.5301
67,90,0.4771
67,91,0.6342
67,92,0.4635
67,94,0.5769
67,95,0.5293
67,96,0.5939
67,97,0.5519
67,99,0.5718
67,100,0.7081
68,69,0.5186
68,71,0.4594
68,72,0.5212
68,73,0.5318
68,75,0.4918
68,76,0.4501
68,79,0.5388
68,80,0.486
68,81,0.6119
68,89,0.4942
68,93,0.5665
68,94,0.4643
68,96,0.5186
68,99,0.4923
68,100,0.4955
69,70,0.4729
69,71,0.5085
69,72,0.5351
69,73,0.6425
69,74,0.5134
69,75,0.4806
69,77,0.4771
69,78,0.5159
69,79,0.5193
69,80,0.5543
69,81,0.4605
69,85,0.5282
69,87,0.5298
69,88,0.5524
69,89,0.6362
69,90,0.521
69,91,0.6145
69,92,0.5302
69,93,0.5172
69,94,0.6031
69,95,0.5706
69,96,0.661
69,97,0.5782
69,99,0.586
69,100,0.6262
69,104,0.471
70,71,0.4826
70,73,0.5871
70,74,0.4947
70,75,0.4765
70,76,0.5872
70,77,0.6642
70,84,0.4714
70,85,0.4965
70,88,0.4609
70,89,0.5846
70,90,0.471
70,91,0.4738
70,93,0.4812
70,95,0.4627
70,96,0.6682
70,97,0.4994
70,99,0.6892
70,100,0.486
71,72,0.7072
71,73,0.592
71,74,0.5516
71,76,0.5279
71,77,0.4728
71,79,0.4695
71,81,0.4988
71,89,0.4815
71,91,0.7729
71,94,0.5478
71,95,0.5378
71,96,0.71
71,97,0.4843
71,99,0.676
71,100,0.6245
72,73,0.5422
72,74,0.6005
72,78,0.4531
72,79,0.4845
72,81,0.5306
72,85,0.4631
72,87,0.4825
72,88,0.4652
72,89,0.5351
72,91,0.614
72,93,0.4788
72,94,0.5288
72,95,0.4714
72,96,0.6281
72,97,0.4953
72,99,0.5682
72,100,0.6011
73,74,0.5155
73,75,0.5078
73,77,0.4502
73,79,0.5077
73,80,0.5277
73,83,0.4507
73,85,0.5826
73,86,0.4875
73,87,0.5286
73,89,0.6335
73,90,0.5329
73,91,0.5999
73,92,0.507
73,93,0.6714
73,94,0.6461
73,95,0.4658
73,96,0.6923
73,97,0.6261
73,99,0.69
73,100,0.6387
74,77,0.4657
74,78,0.4712
74,87,0.6143
74,89,0.5934
74,91,0.4903
74,94,0.4525
74,96,0.5249
74,99,0.4824
74,100,0.4905
75,81,0.6058
75,84,0.6075
75,85,0.4523
75,89,0.5478
75,91,0.4636
75,96,0.5481
75,99,0.4928
76,77,0.4838
76,81,0.4764
76,91,0.5195
76,94,0.48
76,96,0.5577
76,99,0.5455
77,79,0.4812
77,89,0.6172
77,91,0.553
77,96,0.5954
77,99,0.6159
77,100,0.4674
78,88,0.4814
78,89,0.4893
78,90,0.4796
78,92,0.5736
78,93,0.5583
78,94,0.466
78,97,0.4559
78,98,0.5754
79,80,0.4812
79,81,0.5066
79,89,0.47
79,90,0.4771
79,91,0.4512
79,96,0.5313
79,98,0.4594
79,99,0.5399
79,100,0.4978
79,102,0.4711
79,104,0.4929
80,88,0.4569
80,90,0.548
80,96,0.4546
80,97,0.4503
81,84,0.5028
81,95,0.4798
81,96,0.4919
81,99,0.4676
82,84,0.6217
82,85,0.5117
82,89,0.4639
82,93,0.4826
83,89,0.4702
83,93,0.4697
83,97,0.4868
83,99,0.4603
84,85,0.5317
84,89,0.6892
84,90,0.5143
84,93,0.4585
85,89,0.589
85,91,0.4869
85,93,0.4576
85,94,0.4646
85,96,0.532
85,99,0.524
85,100,0.4787
85,104,0.4853
86,87,0.5883
86,93,0.4795
86,94,0.4725
86,96,0.4834
87,89,0.5567
87,91,0.503
87,92,0.4643
87,93,0.4513
87,94,0.5612
87,95,0.4833
87,96,0.4722
87,99,0.5146
87,100,0.556
88,89,0.4982
88,91,0.515
88,92,0.5504
88,94,0.5502
88,95,0.5349
88,96,0.558
88,97,0.5862
88,100,0.48
89,90,0.5584
89,91,0.5302
89,92,0.5128
89,93,0.5092
89,94,0.5457
89,95,0.5031
89,96,0.6657
89,97,0.5035
89,99,0.5929
89,100,0.6674
90,92,0.5509
90,94,0.4753
90,96,0.4749
90,97,0.5073
90,99,0.4762
90,102,0.5301
91,94,0.6504
91,95,0.5717
91,96,0.6654
91,97,0.5733
91,99,0.6793
91,100,0.6901
92,93,0.4729
92,94,0.63
92,96,0.5202
92,97,0.5891
92,99,0.5135
92,100,0.4864
93,94,0.5607
93,96,0.5442
93,97,0.5251
93,99,0.5442
94,95,0.5745
94,96,0.6126
94,97,0.5385
94,99,0.5687
94,100,0.6784
95,96,0.572
95,97,0.5245
95,99,0.4812
95,100,0.55
96,97,0.5939
96,99,0.7835
96,100,0.6797
97,99,0.5951
97,100,0.5931
99,100,0.643
103,104,0.5625
